,Itr,ReturnAvg,ReturnStd,ReturnMin,ReturnMax
0,-1,-147.21130243596468,24.98100713463558,-170.68648156362627,-100.16079688962091
