,ReturnAvg,ReturnStd,ReturnMin,ReturnMax
0,-140.37933231636129,36.732548388680875,-211.56331673808086,-93.28002919282847
